Close,High,Low,Open,Volume
^VIX,^VIX,^VIX,^VIX,^VIX
32.63999938964844,34.959999084472656,29.479999542236328,33.2400016784668,0
