Close,High,Low,Open,Volume
^VIX,^VIX,^VIX,^VIX,^VIX
37.560001373291016,46.119998931884766,36.849998474121094,40.79999923706055,0
